study,Author,Year,Journal,Country,Vegetation,Phragmites-dominated,habitat,salinity,Management 1,Management 2,M. frequency/year,M. freuency/period ,"Duration of the follow up period, years",Time of managemant,Table/Figure,Species 1,common name,Order,Family,Species 2,Variable 1,Variable 2,Mean_control,SD_control,N_control,Mean_treat,SD_treat,N_treat
1,Ausden,2005,Biological Conservation,UK,mixture,no,lake,fresh,grazing,cattle,many times,every year,6,all year,Figure 1,plants,,,,other plants,growth,stem height,149,71,6,80,80.8,6
1,Ausden,2005,Biological Conservation,UK,mixture,no,lake,fresh,grazing,cattle,many times,every year,4,all year,Table 1,plants,,,,Carex riparia,growth,stem density,29,23.8,7,10,5.3,7
1,Ausden,2005,Biological Conservation,UK,mixture,no,lake,fresh,grazing,cattle,many times,every year,4,all year,Table 1,plants,,,,Glyceria maxima,growth,stem density,46,42.3,7,190,164,7
1,Ausden,2005,Biological Conservation,UK,mixture,no,lake,fresh,grazing,cattle,many times,every year,4,all year,Table 1,plants,,,,Phalaris arundinacea,growth,stem density,14,7.9,7,21,18.5,7
1,Ausden,2005,Biological Conservation,UK,mixture,no,lake,fresh,grazing,cattle,many times,every year,4,all year,Table 1,plants,,,,reed,growth,stem density,40,42.3,7,41,31.7,7
1,Ausden,2005,Biological Conservation,UK,mixture,no,lake,fresh,grazing,cattle,many times,every year,4,all year,Table 2,plants,,,,Carex riparia,biomass,aboveground biomass,214,301.6,7,62,87.3,7
1,Ausden,2005,Biological Conservation,UK,mixture,no,lake,fresh,grazing,cattle,many times,every year,4,all year,Table 2,plants,,,,Glyceria maxima,biomass,aboveground biomass,351,452.4,7,766,418,7
1,Ausden,2005,Biological Conservation,UK,mixture,no,lake,fresh,grazing,cattle,many times,every year,4,all year,Table 2,plants,,,,Phalaris arundinacea,biomass,aboveground biomass,4,7.9,7,12,15.9,7
1,Ausden,2005,Biological Conservation,UK,mixture,no,lake,fresh,grazing,cattle,many times,every year,4,all year,Table 2,plants,,,,reed,biomass,aboveground biomass,1279,828.1,7,420,328.1,7
1,Ausden,2005,Biological Conservation,UK,mixture,no,lake,fresh,grazing,cattle,many times,every year,4,all year,Table 3,plants,,,,other plants,richness,richness,21.8,3.2,7,31,5.8,7
1,Ausden,2005,Biological Conservation,UK,mixture,no,lake,fresh,grazing,cattle,many times,every year,4,all year,Table 5,invertebrates,mollusc,Mollusca,, all mollusc,richness,richness,5.1,0.7,6,2.5,1,6
1,Ausden,2005,Biological Conservation,UK,mixture,no,lake,fresh,grazing,cattle,many times,every year,4,all year,Table 5,invertebrates,mollusc,Mollusca,,all mollusc,density,density,57.3,36.7,6,32.9,17.1,6
1,Ausden,2005,Biological Conservation,UK,mixture,no,lake,fresh,grazing,cattle,many times,every year,4,all year,Table 5,invertebrates,mollusc,Mollusca,,Ashfordia granulata,density,density,7.1,14.2,6,5.4,8.6,6
1,Ausden,2005,Biological Conservation,UK,mixture,no,lake,fresh,grazing,cattle,many times,every year,4,all year,Table 5,invertebrates,mollusc,Mollusca,,Deroceras laeve,density,density,9.9,2.7,6,6,3.7,6
1,Ausden,2005,Biological Conservation,UK,mixture,no,lake,fresh,grazing,cattle,many times,every year,4,all year,Table 5,invertebrates,mollusc,Mollusca,,D. reticulatum,density,density,0.8,0.7,6,0.4,0.7,6
1,Ausden,2005,Biological Conservation,UK,mixture,no,lake,fresh,grazing,cattle,many times,every year,4,all year,Table 5,invertebrates,mollusc,Mollusca,,Succinea putris,density,density,15.6,9.8,6,19.3,11.5,6
1,Ausden,2005,Biological Conservation,UK,mixture,no,lake,fresh,grazing,cattle,many times,every year,4,all year,Table 5,invertebrates,mollusc,Mollusca,,Vertigo moulinsiana,density,density,20.8,13.7,6,1,1.2,6
1,Ausden,2005,Biological Conservation,UK,mixture,no,lake,fresh,grazing,cattle,many times,every year,4,all year,Table 5,invertebrates,mollusc,Mollusca,,Zonitoides nitidus,density,density,0.8,1,6,0.8,0.7,6
2,Barbraud,2002,Ibis,France,monospecific,yes,marsh,fresh,harvesting,,once,every year,same year,winter,p. 233,bird,,,,purple heron,colony size,colony size (N breeding pairs),46.18,241,17,12,6.3,3
3,Barbraud,2000,Environmental Conservation,France,monospecific,yes,marsh,fresh,harvesting,,once,every year,5,winter,Figure 4,bird,,,,purple heron,colony size,colony size (N breeding pairs),1.45,11.4,72,0.33,7.5,18
4,Bj”rndahl,1985,Biomass,Sweden,monospecific,yes,marsh,fresh,harvesting,,once,every year,3,winter,Table 2,plants,,,,reed,growth, stem density,55,58.9,3,113,72.7,3
4,Bj”rndahl,1985,Biomass,Sweden,monospecific,yes,marsh,fresh,harvesting,,once,every year,3,winter,Table 4,plants,,,,reed,biomass,aboveground biomass,1020,1039.2,3,1230,692.8,3
5,Cowie,1992,Journal of Applied Ecology,UK,mixture,yes,marsh,fresh,harvesting,,once,every year,same year,winter,Table 2,plants,,,,reed,growth,stem density,484,170,100,720,200,100
5,Cowie,1992,Journal of Applied Ecology,UK,mixture,yes,marsh,fresh,burning,,once,every year,same year,winter,Table 2,plants,,,,reed,growth,stem density,484,170,100,736,70,100
5,Cowie,1992,Journal of Applied Ecology,UK,mixture,yes,marsh,fresh,harvesting,,once,every year,same year,winter,Table 2,plants,,,,reed,growth,stem height,177,10,100,148,10,100
5,Cowie,1992,Journal of Applied Ecology,UK,mixture,yes,marsh,fresh,burning,,once,every year,same year,winter,Table 2,plants,,,,reed,growth,stem height,177,10,100,143,10,100
5,Cowie,1992,Journal of Applied Ecology,UK,mixture,yes,marsh,fresh,harvesting,,once,every year,same year,winter,Table 2,plants,,,,reed,growth,stem diameter,3.45,0.2,100,3.68,0.3,100
5,Cowie,1992,Journal of Applied Ecology,UK,mixture,yes,marsh,fresh,burning,,once,every year,same year,winter,Table 2,plants,,,,reed,growth,stem diameter,3.45,0.2,100,3.65,0.3,100
5,Cowie,1992,Journal of Applied Ecology,UK,mixture,yes,marsh,fresh,harvesting,,once,every year,same year,winter,Table 2,plants,,,,reed,growth,dead stems,32,20,100,26,10,100
5,Cowie,1992,Journal of Applied Ecology,UK,mixture,yes,marsh,fresh,burning,,once,every year,same year,winter,Table 2,plants,,,,reed,growth,dead stems,32,20,100,25,10,100
5,Cowie,1992,Journal of Applied Ecology,UK,mixture,yes,marsh,fresh,harvesting,,once,every year,same year,winter,Table 2,plants,,,,other plants,richness,richness,5,15,100,8,17,100
5,Cowie,1992,Journal of Applied Ecology,UK,mixture,yes,marsh,fresh,burning,,once,every year,same year,winter,Table 2,plants,,,,other plants,richness,richness,5,15,100,12.6,32,100
5,Cowie,1992,Journal of Applied Ecology,UK,mixture,yes,marsh,fresh,harvesting,,once,every year,same year,winter,Table 2,plants,,,,other plants,diversity,diversity,1.24,2.2,100,1.47,1.6,100
5,Cowie,1992,Journal of Applied Ecology,UK,mixture,yes,marsh,fresh,burning,,once,every year,same year,winter,Table 2,plants,,,,other plants,diversity,diversity,1.24,2.2,100,1.85,3,100
5,Cowie,1992,Journal of Applied Ecology,UK,mixture,yes,marsh,fresh,harvesting,,once,every year,same year,winter,Table 4,invertebrates,worms,Oligochaeta,,,density,density,41,31.3,20,61,40.2,20
5,Cowie,1992,Journal of Applied Ecology,UK,mixture,yes,marsh,fresh,harvesting,,once,every year,same year,winter,Table 4,invertebrates,isopods,Isopoda,,,density,density,0.9,2.2,20,1.8,4.5,20
5,Cowie,1992,Journal of Applied Ecology,UK,mixture,yes,marsh,fresh,harvesting,,once,every year,same year,winter,Table 4,invertebrates,mysid shrimps,Mysidacea,,,density,density,0.7,3.1,20,0.8,2.7,20
5,Cowie,1992,Journal of Applied Ecology,UK,mixture,yes,marsh,fresh,harvesting,,once,every year,same year,winter,Table 4,invertebrates,molluscs,Mollusca,,,density,density,6,11.6,20,2,2.7,20
5,Cowie,1992,Journal of Applied Ecology,UK,mixture,yes,marsh,fresh,harvesting,,once,every year,same year,winter,Table 4,invertebrates,springtails,Collembola,,,density,density,14.3,14.8,20,23,22.4,20
5,Cowie,1992,Journal of Applied Ecology,UK,mixture,yes,marsh,fresh,harvesting,,once,every year,same year,winter,Table 4,invertebrates,mites,Acarina,,,density,density,1.2,0.9,20,1.6,2.2,20
5,Cowie,1992,Journal of Applied Ecology,UK,mixture,yes,marsh,fresh,harvesting,,once,every year,same year,winter,Table 4,invertebrates,spiders,Araneae,,,density,density,0.4,0.9,20,0.4,0.9,20
5,Cowie,1992,Journal of Applied Ecology,UK,mixture,yes,marsh,fresh,harvesting,,once,every year,same year,winter,Table 4,invertebrates,flies,Diptera,,,density,density,7.5,7.6,20,8.5,8,20
5,Cowie,1992,Journal of Applied Ecology,UK,mixture,yes,marsh,fresh,harvesting,,once,every year,same year,winter,Table 4,invertebrates,caddisflies,Trihoptera,,,density,density,0.3,0.4,20,0.6,0.9,20
5,Cowie,1992,Journal of Applied Ecology,UK,mixture,yes,marsh,fresh,harvesting,,once,every year,same year,winter,Table 4,invertebrates,beetles,Coleoptera,,,density,density,0.3,0.9,20,0.4,0.9,20
5,Cowie,1992,Journal of Applied Ecology,UK,mixture,yes,marsh,fresh,burning,,once,every year,same year,winter,Table 4,invertebrates,worms,Oligochaeta,,,density,density,41,31.3,20,53,40.7,20
5,Cowie,1992,Journal of Applied Ecology,UK,mixture,yes,marsh,fresh,burning,,once,every year,same year,winter,Table 4,invertebrates,isopods,Isopoda,,,density,density,0.9,2.2,20,3.6,7.6,20
5,Cowie,1992,Journal of Applied Ecology,UK,mixture,yes,marsh,fresh,burning,,once,every year,same year,winter,Table 4,invertebrates,mysid shrimps,Mysidacea,,,density,density,0.7,3.1,20,0.2,0.9,20
5,Cowie,1992,Journal of Applied Ecology,UK,mixture,yes,marsh,fresh,burning,,once,every year,same year,winter,Table 4,invertebrates,molluscs,Mollusca,,,density,density,6,11.6,20,1.8,3.1,20
5,Cowie,1992,Journal of Applied Ecology,UK,mixture,yes,marsh,fresh,burning,,once,every year,same year,winter,Table 4,invertebrates,springtails,Collembola,,,density,density,14.3,14.8,20,21,17,20
5,Cowie,1992,Journal of Applied Ecology,UK,mixture,yes,marsh,fresh,burning,,once,every year,same year,winter,Table 4,invertebrates,mites,Acarina,,,density,density,1.2,0.9,20,1.4,1.3,20
5,Cowie,1992,Journal of Applied Ecology,UK,mixture,yes,marsh,fresh,burning,,once,every year,same year,winter,Table 4,invertebrates,spiders,Araneae,,,density,density,0.4,0.9,20,0.6,0.9,20
5,Cowie,1992,Journal of Applied Ecology,UK,mixture,yes,marsh,fresh,burning,,once,every year,same year,winter,Table 4,invertebrates,flies,Diptera,,,density,density,7.5,7.6,20,6,6.3,20
5,Cowie,1992,Journal of Applied Ecology,UK,mixture,yes,marsh,fresh,burning,,once,every year,same year,winter,Table 4,invertebrates,caddisflies,Trihoptera,,,density,density,0.3,0.4,20,0.6,0.9,20
5,Cowie,1992,Journal of Applied Ecology,UK,mixture,yes,marsh,fresh,burning,,once,every year,same year,winter,Table 4,invertebrates,beetles,Coleoptera,,,density,density,0.3,0.9,20,0.2,0.9,20
6,Decleer ,1990,Biological Conservation,Belgium,mixture,yes,marsh,fresh,harvesting,,once,every year,7,winter,Table 1,plants,,,,other plants,richness,richness,8.7,5,7,23,0.1,2
6,Decleer ,1990,Biological Conservation,Belgium,mixture,yes,marsh,fresh,harvesting,,once,every year,7,winter,Table 1,plants,,,,reed,growth,stem height,140.9,8.5,7,141,18,2
6,Decleer ,1990,Biological Conservation,Belgium,mixture,yes,marsh,fresh,harvesting,,once,every year,7,winter,Table 1,plants,,,,other plants,growth,stem height,125.6,10.3,7,75.5,24.7,2
6,Decleer ,1990,Biological Conservation,Belgium,mixture,yes,marsh,fresh,harvesting,,once,every year,7,winter,Table 1,plants,,,,other plants,growth, stem density,92,7.5,7,59.5,3.5,2
6,Decleer ,1990,Biological Conservation,Belgium,mixture,yes,marsh,fresh,harvesting,,once,every year,7,winter,Appendix 1,invertebrates,spiders,Araneae,,Clubiona phragmites,abundance,abundance,9.7,3.3,7,8.5,0.7,2
6,Decleer ,1990,Biological Conservation,Belgium,mixture,yes,marsh,fresh,harvesting,,once,every year,7,winter,Appendix 1,invertebrates,spiders,Araneae,,Pardosa amentata,abundance,abundance,24.7,21.1,7,32,1.4,2
6,Decleer ,1990,Biological Conservation,Belgium,mixture,yes,marsh,fresh,harvesting,,once,every year,7,winter,Appendix 1,invertebrates,spiders,Araneae,,Pirata piraticus,abundance,abundance,180.4,64.7,7,266.5,79.9,2
6,Decleer ,1990,Biological Conservation,Belgium,mixture,yes,marsh,fresh,harvesting,,once,every year,7,winter,Appendix 1,invertebrates,spiders,Araneae,,Antistea elegans,abundance,abundance,28,16.8,7,14.5,7.8,2
6,Decleer ,1990,Biological Conservation,Belgium,mixture,yes,marsh,fresh,harvesting,,once,every year,7,winter,Appendix 1,invertebrates,spiders,Araneae,,Pachignatha clercki,abundance,abundance,15.1,6.5,7,22.5,0.7,2
6,Decleer ,1990,Biological Conservation,Belgium,mixture,yes,marsh,fresh,harvesting,,once,every year,7,winter,Appendix 1,invertebrates,spiders,Araneae,,Allomengeo vidua,abundance,abundance,139.4,102.8,7,70,48,2
6,Decleer ,1990,Biological Conservation,Belgium,mixture,yes,marsh,fresh,harvesting,,once,every year,7,winter,Appendix 1,invertebrates,spiders,Araneae,,Bathyphantes approximatus,abundance,abundance,85.7,31.1,7,48,5.7,2
6,Decleer ,1990,Biological Conservation,Belgium,mixture,yes,marsh,fresh,harvesting,,once,every year,7,winter,Appendix 1,invertebrates,spiders,Araneae,,Bathyphantes gracilis,abundance,abundance,55.1,24.2,7,69.5,29,2
6,Decleer ,1990,Biological Conservation,Belgium,mixture,yes,marsh,fresh,harvesting,,once,every year,7,winter,Appendix 1,invertebrates,spiders,Araneae,,Ceratinella brevipes,abundance,abundance,71.3,29.3,7,73,10,2
6,Decleer ,1990,Biological Conservation,Belgium,mixture,yes,marsh,fresh,harvesting,,once,every year,7,winter,Appendix 1,invertebrates,spiders,Araneae,,Diplocephalus picinus,abundance,abundance,6.8,5,6,1.5,0.7,2
6,Decleer ,1990,Biological Conservation,Belgium,mixture,yes,marsh,fresh,harvesting,,once,every year,7,winter,Appendix 1,invertebrates,spiders,Araneae,,Donacochara speciosa,abundance,abundance,5.8,3.2,5,3,2.8,2
6,Decleer ,1990,Biological Conservation,Belgium,mixture,yes,marsh,fresh,harvesting,,once,every year,7,winter,Appendix 1,invertebrates,spiders,Araneae,,Erigone atra,abundance,abundance,13.7,5.9,7,9,4.2,2
6,Decleer ,1990,Biological Conservation,Belgium,mixture,yes,marsh,fresh,harvesting,,once,every year,7,winter,Appendix 1,invertebrates,spiders,Araneae,,Gnathonarium dentatum,abundance,abundance,170,31,7,126,21.2,2
6,Decleer ,1990,Biological Conservation,Belgium,mixture,yes,marsh,fresh,harvesting,,once,every year,7,winter,Appendix 1,invertebrates,spiders,Araneae,,Halorates distinctus,abundance,abundance,74.7,76.7,6,42,56.6,2
6,Decleer ,1990,Biological Conservation,Belgium,mixture,yes,marsh,fresh,harvesting,,once,every year,7,winter,Appendix 1,invertebrates,spiders,Araneae,,Hypomma bituberculatum,abundance,abundance,159.6,45.9,7,49,33.9,2
6,Decleer ,1990,Biological Conservation,Belgium,mixture,yes,marsh,fresh,harvesting,,once,every year,7,winter,Appendix 1,invertebrates,spiders,Araneae,,Hypomma fulvum,abundance,abundance,234,150,7,48.5,30.4,2
6,Decleer ,1990,Biological Conservation,Belgium,mixture,yes,marsh,fresh,harvesting,,once,every year,7,winter,Appendix 1,invertebrates,spiders,Araneae,,Lepthyphantes tenius,abundance,abundance,7.4,4.6,7,13,1.4,2
6,Decleer ,1990,Biological Conservation,Belgium,mixture,yes,marsh,fresh,harvesting,,once,every year,7,winter,Appendix 1,invertebrates,spiders,Araneae,,Lophomma punctatum,abundance,abundance,41.1,26.6,7,93.5,106.8,2
6,Decleer ,1990,Biological Conservation,Belgium,mixture,yes,marsh,fresh,harvesting,,once,every year,7,winter,Appendix 1,invertebrates,spiders,Araneae,,Oedothorax fuscus,abundance,abundance,9.3,2.8,7,11,5.7,2
6,Decleer ,1990,Biological Conservation,Belgium,mixture,yes,marsh,fresh,harvesting,,once,every year,7,winter,Appendix 1,invertebrates,spiders,Araneae,,Porrhomma pygmaeum,abundance,abundance,14.4,8.9,7,15.5,7.8,2
6,Decleer ,1990,Biological Conservation,Belgium,mixture,yes,marsh,fresh,harvesting,,once,every year,7,winter,Appendix 1,invertebrates,spiders,Araneae,,Savignya frontata,abundance,abundance,10.6,6.6,7,5.5,3.5,2
6,Decleer ,1990,Biological Conservation,Belgium,mixture,yes,marsh,fresh,harvesting,,once,every year,7,winter,Appendix 1,invertebrates,spiders,Araneae,,Walckenaeria nudipalpis,abundance,abundance,4.1,2.9,7,3,1.4,2
6,Decleer ,1990,Biological Conservation,Belgium,mixture,yes,marsh,fresh,harvesting,,once,every year,7,winter,Appendix 1,invertebrates,spiders,Araneae,,,richness,richness,35.7,4.8,7,32,2.8,2
6,Decleer ,1990,Biological Conservation,Belgium,mixture,yes,marsh,fresh,harvesting,,once,every year,7,winter,Appendix 1,invertebrates,spiders,Araneae,,,total abundance,total abundance,1444.4,101.1,7,1114,150,2
7,Deursen,1990,Journal of Applied Ecology,Netherland,mixture,no,marsh,brackish,grazing,cattle,during summer,every year,4,summer,Table 9,plants,,,,reed,growth,stem density,92,113.1,200,90,113.1,200
7,Deursen,1990,Journal of Applied Ecology,Netherland,mixture,no,marsh,brackish,grazing,cattle,during summer,every year,4,summer,Table 9,plants,,,,reed,growth,stem height,125.9,46.7,200,29,17,200
8,Graveland,1999,Journal of Avian Biology,Netherland,mixture,yes,marsh,?,harvesting,,once ,every year,3,winter,Table 2,bird,,,,Reed Warbler,clutch size,clutch size,4.1,0.3,42,3.9,0.7,12
8,Graveland,1999,Journal of Avian Biology,Netherland,mixture,yes,marsh,?,harvesting,,once ,every year,3,winter,Table 2,bird,,,,Reed Warbler,N of fledglings,N of fledglings,2.9,1.6,38,3.5,0.8,13
8,Graveland,1999,Journal of Avian Biology,Netherland,mixture,yes,marsh,?,harvesting,,once ,every year,3,winter,Table 2,bird,,,,Sedge Warbler,clutch size,clutch size,5.4,0.7,28,5.3,0.7,8
8,Graveland,1999,Journal of Avian Biology,Netherland,mixture,yes,marsh,?,harvesting,,once ,every year,3,winter,Table 2,bird,,,,Sedge Warbler,N of fledglings,N of fledglings,4.7,1.1,13,3.6,1.5,5
8,Graveland,1999,Journal of Avian Biology,Netherland,mixture,yes,marsh,?,harvesting,,once ,every year,3,winter,Table 5,bird,,,,Reed Warbler,predation rates,predation rates,0.0088,0.021,49,0.0146,0.0288,64
8,Graveland,1999,Journal of Avian Biology,Netherland,mixture,yes,marsh,?,harvesting,,once ,every year,3,winter,Table 5,bird,,,,Sedge Warbler,predation rates,predation rates,0.0137,0.0237,29,0.0411,0.0541,5
8,Graveland,1999,Journal of Avian Biology,Netherland,mixture,yes,marsh,?,harvesting,,once ,every year,3,winter,p.473,bird,,,,Reed Warbler,density of nest,density of nest,1.96,1.1,15,0.79,0.67,28
8,Graveland,1999,Journal of Avian Biology,Netherland,mixture,yes,marsh,?,harvesting,,once ,every year,3,winter,p.473,bird,,,,Sedge Warbler,density of nest,density of nest,0.69,0.9,15,0.03,0.1,28
8,Graveland,1999,Journal of Avian Biology,Netherland,mixture,yes,marsh,?,harvesting,,once ,every year,3,winter,p.474,bird,,,,Reed Warbler,laying date,laying date,33,8,92,40,10,106
8,Graveland,1999,Journal of Avian Biology,Netherland,mixture,yes,marsh,?,harvesting,,once ,every year,3,winter,p.474,bird,,,,Sedge Warbler,laying date,laying date,19,8,38,17,6,6
9,Gusewell,2000,"Wetlands, Ecology and Management",Switzerland,mixture,no,meadow,fresh,moving,,once,every year,4,summer,Figure 4,plants,,,,reed,growth,stem density,5.2,0.95,3,7.15,0.95,3
9,Gusewell,2000,"Wetlands, Ecology and Management",Switzerland,mixture,no,meadow,fresh,moving,,once,every year,4,winter,Figure 4,plants,,,,reed,growth,stem density,5.2,0.95,3,5.2,0.95,3
9,Gusewell,2000,"Wetlands, Ecology and Management",Switzerland,mixture,no,meadow,fresh,moving,,once,every year,4,summer,Figure 4,plants,,,,reed,growth,stem diameter,3.92,0.45,3,3.11,0.45,3
9,Gusewell,2000,"Wetlands, Ecology and Management",Switzerland,mixture,no,meadow,fresh,moving,,once,every year,4,winter,Figure 4,plants,,,,reed,growth,stem diameter,3.92,0.45,3,3.92,0.45,3
9,Gusewell,2000,"Wetlands, Ecology and Management",Switzerland,mixture,no,meadow,fresh,moving,,once,every second year,14,summer,Figure 4,plants,,,,reed,growth,stem density,4.35,0.95,3,4,0.95,3
9,Gusewell,2000,"Wetlands, Ecology and Management",Switzerland,mixture,no,meadow,fresh,moving,,once,every second year,14,winter,Figure 4,plants,,,,reed,growth,stem density,4.35,0.95,3,4,0.95,3
9,Gusewell,2000,"Wetlands, Ecology and Management",Switzerland,mixture,no,meadow,fresh,moving,,once,every second year,14,summer,Figure 4,plants,,,,reed,growth,stem diameter,3.45,0.45,3,3.15,0.45,3
9,Gusewell,2000,"Wetlands, Ecology and Management",Switzerland,mixture,no,meadow,fresh,moving,,once,every second year,14,winter,Figure 4,plants,,,,reed,growth,stem diameter,3.45,0.45,3,3.15,0.45,3
10,Gusewell,2003,"Wetlands, Ecology and Management",Switzerland,mixture,no,meadow,fresh,harvesting,,once,every year,7,summer,Figure 2 (a),plants,,,,reed,growth,stem density,25.3,6.61,6,25.3,6.61,6
10,Gusewell,2003,"Wetlands, Ecology and Management",Switzerland,mixture,no,meadow,fresh,harvesting,,once,every second year,7,summer,Figure 2 (a),plants,,,,reed,growth,stem density,25.3,6.61,6,29.4,7.84,6
10,Gusewell,2003,"Wetlands, Ecology and Management",Switzerland,mixture,no,meadow,fresh,harvesting,,once,every year,7,summer,Figure 2 (c),plants,,,,reed,growth,stem height,84.5,12.25,6,78,11.51,6
10,Gusewell,2003,"Wetlands, Ecology and Management",Switzerland,mixture,no,meadow,fresh,harvesting,,once,every second year,7,summer,Figure 2 (c),plants,,,,reed,growth,stem height,84.5,12.25,6,87,14.21,6
10,Gusewell,2003,"Wetlands, Ecology and Management",Switzerland,mixture,no,meadow,fresh,harvesting,,once,every year,7,summer,Figure 2 (d),plants,,,,reed,biomass,aboveground biomass,85,30.37,6,64,23.76,6
10,Gusewell,2003,"Wetlands, Ecology and Management",Switzerland,mixture,no,meadow,fresh,harvesting,,once,every second year,7,summer,Figure 2 (d),plants,,,,reed,biomass,aboveground biomass,85,30.37,6,98,35.03,6
10,Gusewell,2003,"Wetlands, Ecology and Management",Switzerland,mixture,no,meadow,fresh,harvesting,,once,every year,7,summer,Table 3,plants,,,,other plants,biomass,aboveground biomass,431.3,63.93,6,297.2,44.09,6
11,Mesleard,1999,Plant Ecology,France,mixture,no,marsh,saline,grazing,cattle and horses,summer-autumn,every year,5,summer-autumn,Figure 5,plants,,,,other plants,richness,richness,5.4,1.04,3,7.02,1.39,3
11,Mesleard,1999,Plant Ecology,France,mixture,no,marsh,saline,grazing,cattle and horses,summer-autumn,every year,5,summer-autumn,Appendix 1,plants,,,,Inula crithmoides,abundance,abundance,0.8,0.52,3,13.6,11.09,3
11,Mesleard,1999,Plant Ecology,France,mixture,no,marsh,saline,grazing,cattle and horses,summer-autumn,every year,5,summer-autumn,Appendix 1,plants,,,,Juncus gerardii,abundance,abundance,0.2,0.17,3,0.1,0.17,3
11,Mesleard,1999,Plant Ecology,France,mixture,no,marsh,saline,grazing,cattle and horses,summer-autumn,every year,5,summer-autumn,Appendix 1,plants,,,,Salicornia europaea,abundance,abundance,0.9,0.69,3,4.2,2.6,3
11,Mesleard,1999,Plant Ecology,France,mixture,no,marsh,saline,grazing,cattle and horses,summer-autumn,every year,5,summer-autumn,Appendix 1,plants,,,,Salsola soda,abundance,abundance,0.7,1.04,3,3.1,2.6,3
11,Mesleard,1999,Plant Ecology,France,mixture,no,marsh,saline,grazing,cattle and horses,summer-autumn,every year,5,summer-autumn,Appendix 1,plants,,,,Salicornia fruticosa,abundance,abundance,2.4,1.91,3,1.1,0.87,3
12,Mook,1982,Journal of Applied Ecology,Netherland,monospecific,yes,polder,fresh,burning,,once per year,every year,6,spring,Figure 2,plants,,,,reed,biomass,rhizome biomass ,2107,1031.73,6,2410,1126.77,6
12,Mook,1982,Journal of Applied Ecology,Netherland,monospecific,yes,polder,fresh,burning,,once per year,every year,6,spring,Figure 2,plants,,,,reed,biomass,aboveground biomass,1305,1023.89,6,1800,1145.63,6
12,Mook,1982,Journal of Applied Ecology,Netherland,monospecific,yes,polder,fresh,burning,,once per year,every year,6,spring,Figure 2,plants,,,,reed,growth,stem diameter,5.87,0.66,6,7.73,0.93,6
13,Ostendorp,1999,Internat. Rev. Hydrobiol.,Gernamy,monospecific,yes,lake,fresh,harvesting and burning,,once per year,every year,4,winter,Table 1,plants,,,,reed,growth,growth rate,5.47,0.9,4,4.68,1.32,4
13,Ostendorp,1999,Internat. Rev. Hydrobiol.,Gernamy,monospecific,yes,lake,fresh,harvesting and burning,,once per year,every year,4,winter,Table 3,plants,,,,reed,growth,stem density,25.9,6.8,13,45.3,24.4,13
13,Ostendorp,1999,Internat. Rev. Hydrobiol.,Gernamy,monospecific,yes,lake,fresh,harvesting and burning,,once per year,every year,4,winter,Table 3,plants,,,,reed,biomass,aboveground biomass,1.26,0.3,13,1.42,0.5,13
13,Ostendorp,1999,Internat. Rev. Hydrobiol.,Gernamy,monospecific,yes,lake,fresh,harvesting and burning,,once per year,every year,4,winter,Table 4,plants,,,,reed,growth,stem height,3.09,0.3,13,2.68,0.65,13
13,Ostendorp,1999,Internat. Rev. Hydrobiol.,Gernamy,monospecific,yes,lake,fresh,harvesting and burning,,once per year,every year,4,winter,Table 4,plants,,,,reed,growth,stem diameter,7.92,0.4,13,7,1.22,13
14,Pehersson,1988,Vegetatio,Sweden,mixture,no,marsh,brackish,grazing,cattle,once per year,every year,6,summer-autumn,Table 5,plants,,,,Scirpus maritimus,growth,stem density,215.4,72.97,8,164.1,72.59,14
14,Pehersson,1988,Vegetatio,Sweden,mixture,no,marsh,brackish,grazing,cattle,once per year,every year,6,summer-autumn,Table 5,plants,,,,reed,growth,stem density,1.4,2.77,8,48.3,65.85,14
15,Poulin,2002,Biodiversity and Conservation,France,mixture,yes,marsh,saline,harvesting,,once per year,every year,2,winter,Table 1,plants,,,,reed,growth,stem density,164,48,25,203,59,25
15,Poulin,2002,Biodiversity and Conservation,France,mixture,yes,marsh,saline,harvesting,,once per year,every year,2,winter,Table 1,plants,,,,reed,growth,stem diameter,4.1,0.8,25,4.6,0.7,25
15,Poulin,2002,Biodiversity and Conservation,France,mixture,yes,marsh,saline,harvesting,,once per year,every year,2,winter,Table 1,plants,,,,reed,growth,stem height,137,34,25,146,31,25
15,Poulin,2002,Biodiversity and Conservation,France,mixture,yes,marsh,saline,harvesting,,once per year,every year,2,winter,Table 1,plants,,,,reed,biomass,aboveground biomass,1291,507,25,1853,909,25
15,Poulin,2002,Biodiversity and Conservation,France,mixture,yes,marsh,saline,harvesting,,once per year,every year,2,winter,Table 1,plants,,,,other plants,richness,terrestrial sp.,0.5,0.4,25,0.2,0.4,25
15,Poulin,2002,Biodiversity and Conservation,France,mixture,yes,marsh,saline,harvesting,,once per year,every year,2,winter,Table 1,plants,,,,other plants,richness,emergent sp.,0.6,0.8,25,0.3,0.5,25
15,Poulin,2002,Biodiversity and Conservation,France,mixture,yes,marsh,saline,harvesting,,once per year,every year,2,winter,Table 2,invertebrates,spiders,Araneae,,,abundance,abundance,14.9,13.6,25,23,10.2,25
15,Poulin,2002,Biodiversity and Conservation,France,mixture,yes,marsh,saline,harvesting,,once per year,every year,2,winter,Table 2,invertebrates,dragonflies,Odonata,,,abundance,abundance,1.4,3.5,25,1,2.1,25
15,Poulin,2002,Biodiversity and Conservation,France,mixture,yes,marsh,saline,harvesting,,once per year,every year,2,winter,Table 2,invertebrates,thrips,Thysanoptera,,,abundance,abundance,8.1,11.3,25,28.6,29.4,25
15,Poulin,2002,Biodiversity and Conservation,France,mixture,yes,marsh,saline,harvesting,,once per year,every year,2,winter,Table 2,invertebrates,true bug,Heteroptera,,,abundance,abundance,4.1,8.4,25,3.4,2.5,25
15,Poulin,2002,Biodiversity and Conservation,France,mixture,yes,marsh,saline,harvesting,,once per year,every year,2,winter,Table 2,invertebrates,aphids,Homoptera,,,abundance,abundance,20.4,23.6,25,489.2,486.3,25
15,Poulin,2002,Biodiversity and Conservation,France,mixture,yes,marsh,saline,harvesting,,once per year,every year,2,winter,Table 2,invertebrates,beetles,Coleoptera,,,abundance,abundance,34.2,32.6,25,109.6,90.7,25
15,Poulin,2002,Biodiversity and Conservation,France,mixture,yes,marsh,saline,harvesting,,once per year,every year,2,winter,Table 2,invertebrates,flies,Diptera,,,abundance,abundance,101,96.5,25,417.4,507.7,25
15,Poulin,2002,Biodiversity and Conservation,France,mixture,yes,marsh,saline,harvesting,,once per year,every year,2,winter,Table 2,invertebrates,"wasps, bees, ants",Hymenoptera,,,abundance,abundance,51.1,48.1,25,29.4,20.3,25
15,Poulin,2002,Biodiversity and Conservation,France,mixture,yes,marsh,saline,harvesting,,once per year,every year,2,winter,Table 2,invertebrates,,,,,insect eggs,insect eggs,4.6,7.3,25,0.7,1.8,25
15,Poulin,2002,Biodiversity and Conservation,France,mixture,yes,marsh,saline,harvesting,,once per year,every year,2,winter,Table 2,invertebrates,,,,,insect larvae,insect larvae,8.1,11.5,25,1,0.6,25
15,Poulin,2002,Biodiversity and Conservation,France,mixture,yes,marsh,saline,harvesting,,once per year,every year,2,winter,Figure 5,bird,,,,Great Reed Warbler,N of captures,N of captures,1.88,13.1,25,2.12,24.4,25
15,Poulin,2002,Biodiversity and Conservation,France,mixture,yes,marsh,saline,harvesting,,once per year,every year,2,winter,Figure 5,bird,,,,Moustached Warbler,N of captures,N of captures,6.37,21.9,25,0.87,6.85,25
15,Poulin,2002,Biodiversity and Conservation,France,mixture,yes,marsh,saline,harvesting,,once per year,every year,2,winter,Figure 5,bird,,,,Reed Warbler,N of captures,N of captures,16.12,46.25,25,21.25,139.4,25
15,Poulin,2002,Biodiversity and Conservation,France,mixture,yes,marsh,saline,harvesting,,once per year,every year,2,winter,Figure 5,bird,,,,Bearded Tit,N of captures,N of captures,16.75,68.15,25,6.25,31.85,25
15,Poulin,2002,Biodiversity and Conservation,France,mixture,yes,marsh,saline,harvesting,,once per year,every year,2,winter,Figure 5,bird,,,,Reed Bunting,N of captures,N of captures,2,10,25,1.5,12.5,25
16,Poulin,2005,Oryx,France,mixture,yes,marsh,saline,harvesting,,once per year,every year,2,winter,Figure 5,bird,,,,Bittern,density of males,density of males,0.01,0.07,11,0.04,0.2,45
17,Rolletschek,2000,"Wetlands, Ecology and Management",Czech Republic,monospecific,yes,pond,fresh,moving,,once per year,every year,1,winter,Table 1,plants,,,,reed,growth,stem height,171,19,25,256,38,25
17,Rolletschek,2000,"Wetlands, Ecology and Management",Czech Republic,monospecific,yes,pond,fresh,moving,,once per year,every year,1,winter,Table 1,plants,,,,reed,growth,stem diameter,6,0.7,25,7.1,1,25
17,Rolletschek,2000,"Wetlands, Ecology and Management",Romania,monospecific,yes,marsh,fresh,burning,,once per year,every year,1,winter,Table 1,plants,,,,reed,growth,stem height,194,29,25,150,38,25
17,Rolletschek,2000,"Wetlands, Ecology and Management",Romania,monospecific,yes,marsh,fresh,burning,,once per year,every year,1,winter,Table 1,plants,,,,reed,growth,stem diameter,12.9,0.9,25,9.9,3.1,25
17,Rolletschek,2000,"Wetlands, Ecology and Management",Romania,monospecific,yes,marsh,fresh,burning,,once per year,every year,1,winter,Table 1,plants,,,,reed,growth,stem density,105,6,2,40,3,25
18,Schmidt,2005,Biological Conservation,France,mixture,yes,marsh,saline,harvesting,,once per year,every year,5,winter,p.159,plants,,,,reed,growth,stem density,107,10,4,198,62,4
18,Schmidt,2005,Biological Conservation,France,mixture,yes,marsh,saline,harvesting,,once per year,every year,5,winter,p.159,plants,,,,reed,growth,stem height,165,62,4,129,34,4
18,Schmidt,2005,Biological Conservation,France,mixture,yes,marsh,saline,harvesting,,once per year,every year,5,winter,p.159,plants,,,,other plants,plant cover,plant cover,10,4.8,4,12.3,6.8,4
18,Schmidt,2005,Biological Conservation,France,mixture,yes,marsh,saline,harvesting,,once per year,every year,5,winter,p.159,plants,,,,other plants,richness,richness,5,2,4,5,2.6,4
18,Schmidt,2005,Biological Conservation,France,mixture,yes,marsh,saline,harvesting,,once per year,every year,5,winter,Appendix A,invertebrates,spiders,Araneae,Araneidae,Hypsosinga heri,abundance,abundance,1.8,1.2,4,0.3,0.6,4
18,Schmidt,2005,Biological Conservation,France,mixture,yes,marsh,saline,harvesting,,once per year,every year,5,winter,Appendix A,invertebrates,spiders,Araneae,Araneidae,Singa lucina,abundance,abundance,0.8,1,4,0.3,0.6,4
18,Schmidt,2005,Biological Conservation,France,mixture,yes,marsh,saline,harvesting,,once per year,every year,5,winter,Appendix A,invertebrates,spiders,Araneae,Clubionidae,Clubiona juvenis,abundance,abundance,19.1,13,4,7.9,1.4,4
18,Schmidt,2005,Biological Conservation,France,mixture,yes,marsh,saline,harvesting,,once per year,every year,5,winter,Appendix A,invertebrates,spiders,Araneae,Clubionidae,Clubiona phragmites,abundance,abundance,5.3,3.4,4,3.5,2.4,4
18,Schmidt,2005,Biological Conservation,France,mixture,yes,marsh,saline,harvesting,,once per year,every year,5,winter,Appendix A,invertebrates,spiders,Araneae,Clubionidae,sp.(immature),abundance,abundance,81.4,47.4,4,11.2,4.4,4
18,Schmidt,2005,Biological Conservation,France,mixture,yes,marsh,saline,harvesting,,once per year,every year,5,winter,Appendix A,invertebrates,spiders,Araneae,Dictynidae,Argenna patula,abundance,abundance,4.8,2.8,4,9,6.2,4
18,Schmidt,2005,Biological Conservation,France,mixture,yes,marsh,saline,harvesting,,once per year,every year,5,winter,Appendix A,invertebrates,spiders,Araneae,Erigoninae,Erigone vagans,abundance,abundance,0.8,1,4,3.5,4.4,4
18,Schmidt,2005,Biological Conservation,France,mixture,yes,marsh,saline,harvesting,,once per year,every year,5,winter,Appendix A,invertebrates,spiders,Araneae,Erigoninae,Gnathonarium dentatum,abundance,abundance,4.1,3.6,4,101,59.2,4
18,Schmidt,2005,Biological Conservation,France,mixture,yes,marsh,saline,harvesting,,once per year,every year,5,winter,Appendix A,invertebrates,spiders,Araneae,Gnaphosidae,Drassylus lutetianus,abundance,abundance,11.3,9.2,4,1.5,1.8,4
18,Schmidt,2005,Biological Conservation,France,mixture,yes,marsh,saline,harvesting,,once per year,every year,5,winter,Appendix A,invertebrates,spiders,Araneae,Gnaphosidae,sp.(immature),abundance,abundance,15.3,11.6,4,0.8,0.6,4
18,Schmidt,2005,Biological Conservation,France,mixture,yes,marsh,saline,harvesting,,once per year,every year,5,winter,Appendix A,invertebrates,spiders,Araneae,Gnaphosidae,Zelotes serotinus,abundance,abundance,5.5,9,4,3,2.4,4
18,Schmidt,2005,Biological Conservation,France,mixture,yes,marsh,saline,harvesting,,once per year,every year,5,winter,Appendix A,invertebrates,spiders,Araneae,Linyphiinae,Bathyphantes gracilis,abundance,abundance,2.6,2.8,4,3,0.8,4
18,Schmidt,2005,Biological Conservation,France,mixture,yes,marsh,saline,harvesting,,once per year,every year,5,winter,Appendix A,invertebrates,spiders,Araneae,Linyphiinae,Meioneta rurestris,abundance,abundance,0.5,0.6,4,0.8,1,4
18,Schmidt,2005,Biological Conservation,France,mixture,yes,marsh,saline,harvesting,,once per year,every year,5,winter,Appendix A,invertebrates,spiders,Araneae,Linyphiinae,Microlinyphia impigra,abundance,abundance,0.3,0.6,4,9.5,6,4
18,Schmidt,2005,Biological Conservation,France,mixture,yes,marsh,saline,harvesting,,once per year,every year,5,winter,Appendix A,invertebrates,spiders,Araneae,Liocranidae,Phrurolithus festivus,abundance,abundance,0.5,0.6,4,0.3,0.6,4
18,Schmidt,2005,Biological Conservation,France,mixture,yes,marsh,saline,harvesting,,once per year,every year,5,winter,Appendix A,invertebrates,spiders,Araneae,Lycosidae,Arctosa fulvolineata,abundance,abundance,10.8,10.6,4,21,16.6,4
18,Schmidt,2005,Biological Conservation,France,mixture,yes,marsh,saline,harvesting,,once per year,every year,5,winter,Appendix A,invertebrates,spiders,Araneae,Lycosidae,Acrotoza leopardus,abundance,abundance,0.3,0.6,4,1.4,1.6,4
18,Schmidt,2005,Biological Conservation,France,mixture,yes,marsh,saline,harvesting,,once per year,every year,5,winter,Appendix A,invertebrates,spiders,Araneae,Lycosidae,sp.(immature),abundance,abundance,325,178,4,484,290,4
18,Schmidt,2005,Biological Conservation,France,mixture,yes,marsh,saline,harvesting,,once per year,every year,5,winter,Appendix A,invertebrates,spiders,Araneae,Lycosidae,Pardoza prativaga,abundance,abundance,4,6,4,3.1,2.6,4
18,Schmidt,2005,Biological Conservation,France,mixture,yes,marsh,saline,harvesting,,once per year,every year,5,winter,Appendix A,invertebrates,spiders,Araneae,Lycosidae,Pardoza proxina,abundance,abundance,0.5,1,4,1.6,2.6,4
18,Schmidt,2005,Biological Conservation,France,mixture,yes,marsh,saline,harvesting,,once per year,every year,5,winter,Appendix A,invertebrates,spiders,Araneae,Lycosidae,Pirata latitans,abundance,abundance,0.8,1,4,0.5,0.6,4
18,Schmidt,2005,Biological Conservation,France,mixture,yes,marsh,saline,harvesting,,once per year,every year,5,winter,Appendix A,invertebrates,spiders,Araneae,Lycosidae,Pirata piraticus,abundance,abundance,8.5,6.6,4,58.4,21.4,4
18,Schmidt,2005,Biological Conservation,France,mixture,yes,marsh,saline,harvesting,,once per year,every year,5,winter,Appendix A,invertebrates,spiders,Araneae,Lycosidae,Trochosa ruricola,abundance,abundance,2,2.2,4,0.9,1.2,4
18,Schmidt,2005,Biological Conservation,France,mixture,yes,marsh,saline,harvesting,,once per year,every year,5,winter,Appendix A,invertebrates,spiders,Araneae,Philodromidae,sp.(immature),abundance,abundance,2,2.8,4,0.3,0.6,4
18,Schmidt,2005,Biological Conservation,France,mixture,yes,marsh,saline,harvesting,,once per year,every year,5,winter,Appendix A,invertebrates,spiders,Araneae,Philodromidae,Philodromus glaucinus,abundance,abundance,1.3,2.6,4,3.9,3.4,4
18,Schmidt,2005,Biological Conservation,France,mixture,yes,marsh,saline,harvesting,,once per year,every year,5,winter,Appendix A,invertebrates,spiders,Araneae,Salticidae,sp.(immature),abundance,abundance,2.3,1.8,4,1.3,1.8,4
18,Schmidt,2005,Biological Conservation,France,mixture,yes,marsh,saline,harvesting,,once per year,every year,5,winter,Appendix A,invertebrates,spiders,Araneae,Salticidae,Marpissa canestrinii,abundance,abundance,2.1,0.8,4,0.3,0.6,4
18,Schmidt,2005,Biological Conservation,France,mixture,yes,marsh,saline,harvesting,,once per year,every year,5,winter,Appendix A,invertebrates,spiders,Araneae,Tetragnathidae,Pachygnatha clerki,abundance,abundance,0.8,1.6,4,25.3,9.2,4
18,Schmidt,2005,Biological Conservation,France,mixture,yes,marsh,saline,harvesting,,once per year,every year,5,winter,Appendix A,invertebrates,spiders,Araneae,Thomisidae,Ozyptila bicuspis,abundance,abundance,0.8,0.6,4,0.3,0.6,4
18,Schmidt,2005,Biological Conservation,France,mixture,yes,marsh,saline,harvesting,,once per year,every year,5,winter,Appendix A,invertebrates,beetles,Coleoptera,Anthicidae,Anthicus laeviceps,abundance,abundance,1.8,3.6,4,1.1,1.4,4
18,Schmidt,2005,Biological Conservation,France,mixture,yes,marsh,saline,harvesting,,once per year,every year,5,winter,Appendix A,invertebrates,beetles,Coleoptera,Anthicidae,Cyclodinus bremei,abundance,abundance,0.8,1.6,4,6.1,8.8,4
18,Schmidt,2005,Biological Conservation,France,mixture,yes,marsh,saline,harvesting,,once per year,every year,5,winter,Appendix A,invertebrates,beetles,Coleoptera,Anthicidae,Pseudotomoderus compressicollis,abundance,abundance,9.4,11.8,4,15.1,25.2,4
18,Schmidt,2005,Biological Conservation,France,mixture,yes,marsh,saline,harvesting,,once per year,every year,5,winter,Appendix A,invertebrates,beetles,Coleoptera,Anthicidae,sp.,abundance,abundance,1.5,2,4,1,0.8,4
18,Schmidt,2005,Biological Conservation,France,mixture,yes,marsh,saline,harvesting,,once per year,every year,5,winter,Appendix A,invertebrates,beetles,Coleoptera,Byrrhidae,Bothriophorus sp,abundance,abundance,9.5,17.6,4,16.6,18.2,4
18,Schmidt,2005,Biological Conservation,France,mixture,yes,marsh,saline,harvesting,,once per year,every year,5,winter,Appendix A,invertebrates,beetles,Coleoptera,Cantharidae,Cantharis sp.,abundance,abundance,0.5,0.6,4,0.3,0.6,4
18,Schmidt,2005,Biological Conservation,France,mixture,yes,marsh,saline,harvesting,,once per year,every year,5,winter,Appendix A,invertebrates,beetles,Coleoptera,Carabidae,Acupaplus parvulus,abundance,abundance,0.5,0.6,4,7.9,8.6,4
18,Schmidt,2005,Biological Conservation,France,mixture,yes,marsh,saline,harvesting,,once per year,every year,5,winter,Appendix A,invertebrates,beetles,Coleoptera,Carabidae,Agonum thoreyi ,abundance,abundance,43.5,81.8,4,0.5,0.6,4
18,Schmidt,2005,Biological Conservation,France,mixture,yes,marsh,saline,harvesting,,once per year,every year,5,winter,Appendix A,invertebrates,beetles,Coleoptera,Carabidae,Agonum viduum ,abundance,abundance,622,738,4,81.2,62.8,4
18,Schmidt,2005,Biological Conservation,France,mixture,yes,marsh,saline,harvesting,,once per year,every year,5,winter,Appendix A,invertebrates,beetles,Coleoptera,Carabidae,Badister collaris,abundance,abundance,2,1.6,4,16.6,22.4,4
18,Schmidt,2005,Biological Conservation,France,mixture,yes,marsh,saline,harvesting,,once per year,every year,5,winter,Appendix A,invertebrates,beetles,Coleoptera,Carabidae,Badister meridionalis,abundance,abundance,1.3,1.6,4,1.1,1.2,4
18,Schmidt,2005,Biological Conservation,France,mixture,yes,marsh,saline,harvesting,,once per year,every year,5,winter,Appendix A,invertebrates,beetles,Coleoptera,Carabidae,Bembidion rivulare,abundance,abundance,31,36,4,41,61.4,4
18,Schmidt,2005,Biological Conservation,France,mixture,yes,marsh,saline,harvesting,,once per year,every year,5,winter,Appendix A,invertebrates,beetles,Coleoptera,Carabidae,Brachinus exhalans,abundance,abundance,61.3,121.2,4,3.1,4,4
18,Schmidt,2005,Biological Conservation,France,mixture,yes,marsh,saline,harvesting,,once per year,every year,5,winter,Appendix A,invertebrates,beetles,Coleoptera,Carabidae,Brachinus nigricornis ,abundance,abundance,168,194,4,15.4,10.4,4
18,Schmidt,2005,Biological Conservation,France,mixture,yes,marsh,saline,harvesting,,once per year,every year,5,winter,Appendix A,invertebrates,beetles,Coleoptera,Carabidae,Carabus clathratus,abundance,abundance,4.3,8.6,4,1,1.4,4
18,Schmidt,2005,Biological Conservation,France,mixture,yes,marsh,saline,harvesting,,once per year,every year,5,winter,Appendix A,invertebrates,beetles,Coleoptera,Carabidae,Chlaenius spoliatus,abundance,abundance,1.5,3,4,1.8,2.4,4
18,Schmidt,2005,Biological Conservation,France,mixture,yes,marsh,saline,harvesting,,once per year,every year,5,winter,Appendix A,invertebrates,beetles,Coleoptera,Carabidae,Chlaenius tristis,abundance,abundance,9.5,16.4,4,123,112,4
18,Schmidt,2005,Biological Conservation,France,mixture,yes,marsh,saline,harvesting,,once per year,every year,5,winter,Appendix A,invertebrates,beetles,Coleoptera,Carabidae,Dromius longiceps,abundance,abundance,6.8,1,4,0.3,0.6,4
18,Schmidt,2005,Biological Conservation,France,mixture,yes,marsh,saline,harvesting,,once per year,every year,5,winter,Appendix A,invertebrates,beetles,Coleoptera,Carabidae,Dyschirius laeviusculus,abundance,abundance,2.5,4.4,4,1.2,1.8,4
18,Schmidt,2005,Biological Conservation,France,mixture,yes,marsh,saline,harvesting,,once per year,every year,5,winter,Appendix A,invertebrates,beetles,Coleoptera,Carabidae,Oodes gracilis,abundance,abundance,21.3,13,4,7.9,6.2,4
18,Schmidt,2005,Biological Conservation,France,mixture,yes,marsh,saline,harvesting,,once per year,every year,5,winter,Appendix A,invertebrates,beetles,Coleoptera,Carabidae,Paratachys bistriatus,abundance,abundance,1,1.4,4,0.3,0.6,4
18,Schmidt,2005,Biological Conservation,France,mixture,yes,marsh,saline,harvesting,,once per year,every year,5,winter,Appendix A,invertebrates,beetles,Coleoptera,Carabidae,Poecilus cupreus,abundance,abundance,11.3,21.2,4,0.3,0.6,4
18,Schmidt,2005,Biological Conservation,France,mixture,yes,marsh,saline,harvesting,,once per year,every year,5,winter,Appendix A,invertebrates,beetles,Coleoptera,Carabidae,Pterostichus elongatus,abundance,abundance,22.8,27.4,4,20.6,33.8,4
18,Schmidt,2005,Biological Conservation,France,mixture,yes,marsh,saline,harvesting,,once per year,every year,5,winter,Appendix A,invertebrates,beetles,Coleoptera,Carabidae,Pterostichus cursor and gracilis,abundance,abundance,76,88.4,4,5.4,2,4
18,Schmidt,2005,Biological Conservation,France,mixture,yes,marsh,saline,harvesting,,once per year,every year,5,winter,Appendix A,invertebrates,beetles,Coleoptera,Carabidae,Stenolophus mixtus,abundance,abundance,0.3,0.6,4,2.8,3,4
18,Schmidt,2005,Biological Conservation,France,mixture,yes,marsh,saline,harvesting,,once per year,every year,5,winter,Appendix A,invertebrates,beetles,Coleoptera,Coccinellidae,Coccidula scutellata,abundance,abundance,0.3,0.6,4,2.4,3.2,4
18,Schmidt,2005,Biological Conservation,France,mixture,yes,marsh,saline,harvesting,,once per year,every year,5,winter,Appendix A,invertebrates,beetles,Coleoptera,Coccinellidae,Coccinella septempunctata,abundance,abundance,0.3,0.6,4,1.3,1.6,4
18,Schmidt,2005,Biological Conservation,France,mixture,yes,marsh,saline,harvesting,,once per year,every year,5,winter,Appendix A,invertebrates,beetles,Coleoptera,Corylophidae,sp.,abundance,abundance,13.7,11.8,4,7.3,3.4,4
18,Schmidt,2005,Biological Conservation,France,mixture,yes,marsh,saline,harvesting,,once per year,every year,5,winter,Appendix A,invertebrates,beetles,Coleoptera,Cryptophagidae,Atomarina sp.,abundance,abundance,7.3,8.2,4,2,1.8,4
18,Schmidt,2005,Biological Conservation,France,mixture,yes,marsh,saline,harvesting,,once per year,every year,5,winter,Appendix A,invertebrates,beetles,Coleoptera,Curculionidae,Bagous argillaceus,abundance,abundance,0.5,0.6,4,0.3,0.6,4
18,Schmidt,2005,Biological Conservation,France,mixture,yes,marsh,saline,harvesting,,once per year,every year,5,winter,Appendix A,invertebrates,beetles,Coleoptera,Curculionidae,Mononychus punctumalbum,abundance,abundance,5.8,10.2,4,2.3,3.4,4
18,Schmidt,2005,Biological Conservation,France,mixture,yes,marsh,saline,harvesting,,once per year,every year,5,winter,Appendix A,invertebrates,beetles,Coleoptera,Heteroceridae,Heterocerus obsoletus,abundance,abundance,0.8,1.6,4,3.6,4.8,4
18,Schmidt,2005,Biological Conservation,France,mixture,yes,marsh,saline,harvesting,,once per year,every year,5,winter,Appendix A,invertebrates,beetles,Coleoptera,Hydraenidae,sp.,abundance,abundance,0.8,1,4,1.6,1.4,4
18,Schmidt,2005,Biological Conservation,France,mixture,yes,marsh,saline,harvesting,,once per year,every year,5,winter,Appendix A,invertebrates,beetles,Coleoptera,Hydraenidae,sp.,abundance,abundance,1,1.4,4,0.5,0.6,4
18,Schmidt,2005,Biological Conservation,France,mixture,yes,marsh,saline,harvesting,,once per year,every year,5,winter,Appendix A,invertebrates,beetles,Coleoptera,Hydrophilidae,Cercyon sp.,abundance,abundance,16.8,27.8,4,5.1,6.8,4
18,Schmidt,2005,Biological Conservation,France,mixture,yes,marsh,saline,harvesting,,once per year,every year,5,winter,Appendix A,invertebrates,beetles,Coleoptera,Hydrophilidae,Enochrus and Cymbiodyta sp.,abundance,abundance,5.3,5,4,5.3,1.6,4
18,Schmidt,2005,Biological Conservation,France,mixture,yes,marsh,saline,harvesting,,once per year,every year,5,winter,Appendix A,invertebrates,beetles,Coleoptera,Latridiidae,Corticaria sp.,abundance,abundance,31.5,47,4,0.5,0.6,4
18,Schmidt,2005,Biological Conservation,France,mixture,yes,marsh,saline,harvesting,,once per year,every year,5,winter,Appendix A,invertebrates,beetles,Coleoptera,Malachiidae,Attalus sp.,abundance,abundance,27,51.4,4,0.6,0.8,4
18,Schmidt,2005,Biological Conservation,France,mixture,yes,marsh,saline,harvesting,,once per year,every year,5,winter,Appendix A,invertebrates,beetles,Coleoptera,Malachiidae,Cerapheles terminatus,abundance,abundance,43.8,28.6,4,0.4,0.8,4
18,Schmidt,2005,Biological Conservation,France,mixture,yes,marsh,saline,harvesting,,once per year,every year,5,winter,Appendix A,invertebrates,beetles,Coleoptera,Malachiidae,Clanoptilus strengulatus,abundance,abundance,30,59.4,4,0.3,0.6,4
18,Schmidt,2005,Biological Conservation,France,mixture,yes,marsh,saline,harvesting,,once per year,every year,5,winter,Appendix A,invertebrates,beetles,Coleoptera,Nitidulidae,sp.,abundance,abundance,15.2,27.4,4,1.3,1.2,4
18,Schmidt,2005,Biological Conservation,France,mixture,yes,marsh,saline,harvesting,,once per year,every year,5,winter,Appendix A,invertebrates,beetles,Coleoptera,Oedemeridae,sp.,abundance,abundance,1.3,1.8,4,0.3,0.6,4
18,Schmidt,2005,Biological Conservation,France,mixture,yes,marsh,saline,harvesting,,once per year,every year,5,winter,Appendix A,invertebrates,beetles,Coleoptera,Phalacridae,Stilbus oblongus,abundance,abundance,2.8,1.8,4,6.9,7.2,4
18,Schmidt,2005,Biological Conservation,France,mixture,yes,marsh,saline,harvesting,,once per year,every year,5,winter,Appendix A,invertebrates,beetles,Coleoptera,Pselaphidae,sp.,abundance,abundance,6,5.4,4,29.1,40,4
18,Schmidt,2005,Biological Conservation,France,mixture,yes,marsh,saline,harvesting,,once per year,every year,5,winter,Appendix A,invertebrates,beetles,Coleoptera,Ptiliidae,sp.,abundance,abundance,7.6,7.2,4,13.6,11.4,4
18,Schmidt,2005,Biological Conservation,France,mixture,yes,marsh,saline,harvesting,,once per year,every year,5,winter,Appendix A,invertebrates,beetles,Coleoptera,Scirtidae,Cyphon laevipennis,abundance,abundance,105,76,4,222,84,4
18,Schmidt,2005,Biological Conservation,France,mixture,yes,marsh,saline,harvesting,,once per year,every year,5,winter,Appendix A,invertebrates,beetles,Coleoptera,Scirtidae,Cyphon padi,abundance,abundance,4,6.2,4,6.3,4.8,4
18,Schmidt,2005,Biological Conservation,France,mixture,yes,marsh,saline,harvesting,,once per year,every year,5,winter,Appendix A,invertebrates,beetles,Coleoptera,Silphidae,Silpha tristis,abundance,abundance,27.8,35.8,4,0.5,0.6,4
18,Schmidt,2005,Biological Conservation,France,mixture,yes,marsh,saline,harvesting,,once per year,every year,5,winter,Appendix A,invertebrates,beetles,Coleoptera,Staphylinidae,Paederus sp.,abundance,abundance,9.8,8,4,1.1,1.6,4
18,Schmidt,2005,Biological Conservation,France,mixture,yes,marsh,saline,harvesting,,once per year,every year,5,winter,Appendix A,invertebrates,beetles,Coleoptera,Staphylinidae,Philonthus sp.,abundance,abundance,6.3,8,4,0.5,1,4
18,Schmidt,2005,Biological Conservation,France,mixture,yes,marsh,saline,harvesting,,once per year,every year,5,winter,Appendix A,invertebrates,beetles,Coleoptera,Staphylinidae,Philonsus punctus,abundance,abundance,1.3,1,4,10,7.6,4
18,Schmidt,2005,Biological Conservation,France,mixture,yes,marsh,saline,harvesting,,once per year,every year,5,winter,Appendix A,invertebrates,beetles,Coleoptera,Staphylinidae,Philonthus salinus,abundance,abundance,57,55,4,6.7,5.2,4
18,Schmidt,2005,Biological Conservation,France,mixture,yes,marsh,saline,harvesting,,once per year,every year,5,winter,Appendix A,invertebrates,beetles,Coleoptera,Staphylinidae,sp. 1,abundance,abundance,28.4,22,4,27.9,9.6,4
18,Schmidt,2005,Biological Conservation,France,mixture,yes,marsh,saline,harvesting,,once per year,every year,5,winter,Appendix A,invertebrates,beetles,Coleoptera,Staphylinidae,sp. 2,abundance,abundance,8.3,4.4,4,5.7,4,4
18,Schmidt,2005,Biological Conservation,France,mixture,yes,marsh,saline,harvesting,,once per year,every year,5,winter,Appendix A,invertebrates,beetles,Coleoptera,Staphylinidae,sp.3 ,abundance,abundance,10.8,12.4,4,10.9,8,4
18,Schmidt,2005,Biological Conservation,France,mixture,yes,marsh,saline,harvesting,,once per year,every year,5,winter,Appendix A,invertebrates,beetles,Coleoptera,Staphylinidae,sp.4 ,abundance,abundance,2.8,3.6,4,1.3,1.2,4
18,Schmidt,2005,Biological Conservation,France,mixture,yes,marsh,saline,harvesting,,once per year,every year,5,winter,Appendix A,invertebrates,beetles,Coleoptera,Troscidae,Trixagus sp.,abundance,abundance,15.8,17.8,4,2,3.4,4
18,Schmidt,2005,Biological Conservation,France,mixture,yes,marsh,saline,harvesting,,once per year,every year,5,winter,Appendix A,invertebrates,mites,Acarina,,,abundance,abundance,34.2,28.8,4,109,204,4
18,Schmidt,2005,Biological Conservation,France,mixture,yes,marsh,saline,harvesting,,once per year,every year,5,winter,Appendix A,invertebrates,aphids,Homoptera,Aphidina,,abundance,abundance,14.2,8,4,252,318,4
18,Schmidt,2005,Biological Conservation,France,mixture,yes,marsh,saline,harvesting,,once per year,every year,5,winter,Appendix A,invertebrates,spiders,Araneae,Araneida,,abundance,abundance,84.4,24.6,4,39.9,12.4,4
18,Schmidt,2005,Biological Conservation,France,mixture,yes,marsh,saline,harvesting,,once per year,every year,5,winter,Appendix A,invertebrates,aphids,Homoptera,Auchenorrhyncha,,abundance,abundance,42.9,27.8,4,194,64,4
18,Schmidt,2005,Biological Conservation,France,mixture,yes,marsh,saline,harvesting,,once per year,every year,5,winter,Appendix A,invertebrates,flies,Diptera,Brachycera,,abundance,abundance,51,17.4,4,52.3,5.2,4
18,Schmidt,2005,Biological Conservation,France,mixture,yes,marsh,saline,harvesting,,once per year,every year,5,winter,Appendix A,invertebrates,beetles,Coleoptera (adults),,,abundance,abundance,242,168,4,214,72,4
18,Schmidt,2005,Biological Conservation,France,mixture,yes,marsh,saline,harvesting,,once per year,every year,5,winter,Appendix A,invertebrates,beetles,Coleoptera (larvae),,,abundance,abundance,4.9,7.8,4,3,2.4,4
18,Schmidt,2005,Biological Conservation,France,mixture,yes,marsh,saline,harvesting,,once per year,every year,5,winter,Appendix A,invertebrates,springtails,Collembola,,,abundance,abundance,383,424,4,24.9,28.4,4
18,Schmidt,2005,Biological Conservation,France,mixture,yes,marsh,saline,harvesting,,once per year,every year,5,winter,Appendix A,invertebrates,true bug,Heteroptera,,,abundance,abundance,1,1.4,4,2,2.8,4
18,Schmidt,2005,Biological Conservation,France,mixture,yes,marsh,saline,harvesting,,once per year,every year,5,winter,Appendix A,invertebrates,"wasps, bees, ants",Hymenoptera,,,abundance,abundance,63.7,30.2,4,34.8,23.4,4
18,Schmidt,2005,Biological Conservation,France,mixture,yes,marsh,saline,harvesting,,once per year,every year,5,winter,Appendix A,invertebrates,butterflies,Lepidoptera (adults),,,abundance,abundance,4.6,3.4,4,0.3,0.6,4
18,Schmidt,2005,Biological Conservation,France,mixture,yes,marsh,saline,harvesting,,once per year,every year,5,winter,Appendix A,invertebrates,butterflies,Lepidoptera (larvae),,,abundance,abundance,6.3,4.6,4,1,0.8,4
18,Schmidt,2005,Biological Conservation,France,mixture,yes,marsh,saline,harvesting,,once per year,every year,5,winter,Appendix A,invertebrates,flies,Diptera,Nematocera,,abundance,abundance,418,318,4,949,676,4
18,Schmidt,2005,Biological Conservation,France,mixture,yes,marsh,saline,harvesting,,once per year,every year,5,winter,Appendix A,invertebrates,booklice,Psocoptera,,,abundance,abundance,0.8,1,4,1,1.4,4
18,Schmidt,2005,Biological Conservation,France,mixture,yes,marsh,saline,harvesting,,once per year,every year,5,winter,Appendix A,invertebrates,trips,Thysanoptera,,,abundance,abundance,6.3,6.6,4,11,6.8,4
19,Trnka,2006,Biologia,Slovakia,monospecific,yes,lake,fresh,burning,,once per year,every year,1,winter,Table 1,plants,,,,reed,stem density,stem density,42.5,103.79,170,48.75,154.17,195
19,Trnka,2006,Biologia,Slovakia,monospecific,yes,lake,fresh,burning,,once per year,every year,1,winter,Table 1,plants,,,,reed,stem height,stem height,2.56,0.96,190,1.59,0.69,190
19,Trnka,2006,Biologia,Slovakia,monospecific,yes,lake,fresh,burning,,once per year,every year,1,winter,Table 1,plants,,,,reed,stem diamiter,stem diamiter,6.81,2.29,364,4.7,2.29,364
19,Trnka,2006,Biologia,Slovakia,monospecific,yes,lake,fresh,burning,,once per year,every year,1,winter,Figure 2,bird,,,,Reed Warbler,N of captures,N of captures,46.75,14.9,4,27.88,10.4,4
19,Trnka,2006,Biologia,Slovakia,monospecific,yes,lake,fresh,burning,,once per year,every year,1,winter,Figure 2,bird,,,,Sedge Warbler,N of captures,N of captures,36.5,14.6,4,8.25,5.2,4
19,Trnka,2006,Biologia,Slovakia,monospecific,yes,lake,fresh,burning,,once per year,every year,1,winter,Figure 2,bird,,,,Reed Bunting,N of captures,N of captures,11.5,9.3,4,21,15.9,4
19,Trnka,2006,Biologia,Slovakia,monospecific,yes,lake,fresh,burning,,once per year,every year,1,winter,Figure 2,bird,,,,Berdated Tit,N of captures,N of captures,18.25,5.7,4,5.75,4,4
19,Trnka,2006,Biologia,Slovakia,monospecific,yes,lake,fresh,burning,,once per year,every year,1,winter,Figure 2,bird,,,,Savi`s warbler,N of captures,N of captures,9,5.3,4,5.75,4,4
19,Trnka,2006,Biologia,Slovakia,monospecific,yes,lake,fresh,burning,,once per year,every year,1,winter,Figure 2,bird,,,,Marsh Warbler,N of captures,N of captures,5.25,3.9,4,5.75,5.6,4
19,Trnka,2006,Biologia,Slovakia,monospecific,yes,lake,fresh,burning,,once per year,every year,1,winter,Figure 2,bird,,,,Great Reed Warbler,N of captures,N of captures,7,2.4,4,2.75,0.5,4
19,Trnka,2006,Biologia,Slovakia,monospecific,yes,lake,fresh,burning,,once per year,every year,1,winter,Figure 2,bird,,,,Moustached Warbler,N of captures,N of captures,2.5,2.4,4,0.75,0.96,4
19,Trnka,2006,Biologia,Slovakia,monospecific,yes,lake,fresh,burning,,once per year,every year,1,winter,Figure 2,bird,,,,Penduline tit,N of captures,N of captures,4.25,1.3,4,0.5,0.58,4
20,Weisner,1989,Aquatic Botany,Sweden,monospecific,yes,lake,fresh,harvesting,,twice per year,every year,1,"summer, June",Figure 2,plants,,,,reed,biomass,aboveground biomass,489.5,210,4,421,242,2
20,Weisner,1989,Aquatic Botany,Sweden,monospecific,yes,lake,fresh,harvesting,,twice per year,every year,1,"summer, August ",Figure 2,plants,,,,reed,biomass,aboveground biomass,489.5,210,4,558,126,2
21,Wyngaert,2003,Aquatic Botany,Netherland,monospecific,yes,marsh,fresh,grazing,geese,once per year,every year,15,spring,Table 6,plants,,,,reed,biomass,aboveground biomass,1025,254.75,6,1511,355.18,6
,,,,,,,,,,,,,,,,,,,,,,,,,,,,
,,,,,,,,,,,,,,,,,,,,,,,,,,,,
,,,,,,,,,,,,,,,,,,,,,,,,,,,,
Species-Richess = number of species recorded per quadrat,,,,,,,,,,,,,,,,,,,,,,,,,,,,
,Density= number of emergent plants per m2,,,,,,,,,,,,,,,,,,,,,,,,,,,
